PERIODS_1,AnnualPeakPurchasedPower
2020,20.0942871
2025,20.0942871
2030,20.0942871
2035,20.3724
