period,Battery_Storage,Cogen_Power_Plant,Rooftop_PV-0
2020,0.350207,0,0.3
2025,0.411261,0,0.3
2030,0.544213,5.58032,0.3
2035,0.527082,7.94223,0
