PERIODS_1,AnnualPeakPurchasedPower
2020,19.74408
2025,19.68302562692308
2030,12.954133837926593
2035,10.457597672272476
