period,Battery_Storage,Cogen_Power_Plant,Rooftop_PV-0
2020,16183.2,0,0
2025,17213,0,0
2030,20630.4,6.79796e+06,0
2035,18097.4,8.51278e+06,0
